time,seconds_elapsed,relativeAltitude,pressure
1679557829851100200,-0.52289990234375,0,951.2835693359375
1679557830851871200,0.477871337890625,0.02642822265625,951.280517578125
1679557831852592000,1.478592041015625,0.0528564453125,951.2774658203125
1679557832853295000,2.479295166015625,0.0528564453125,951.2774658203125
1679557833854057000,3.480056884765625,0.01055908203125,951.2821197509766
1679557834211334100,3.837334228515625,-0.3197021484375,951.3201141357422
1679557835278735000,4.904735107421875,-0.33026123046875,951.3211059570312
1679557836346109200,5.972109130859375,-0.40692138671875,951.3298034667969
1679557837413538300,7.039538330078125,-0.40692138671875,951.3298034667969
1679557838480975000,8.10697509765625,-0.3514404296875,951.3236999511719
1679557839548450300,9.1744501953125,-0.163818359375,951.3022613525391
1679557840615894000,10.24189404296875,0.0369873046875,951.2791442871094
1679557841683296300,11.309296142578125,0.10040283203125,951.2720489501953
1679557842750735400,12.3767353515625,0.10040283203125,951.2720489501953
1679557843818139100,13.44413916015625,0.0687255859375,951.2754821777344
1679557844885521200,14.511521240234375,0.05023193359375,951.2776184082031
1679557845952925200,15.57892529296875,0.0238037109375,951.2807464599609
1679557847020345000,16.646344970703126,0.0238037109375,951.2807464599609
1679557848087729200,17.713729248046874,0.0396728515625,951.2790679931641
1679557849155145200,18.781145263671874,0.0396728515625,951.2790679931641
1679557850222560300,19.848560302734374,0.04229736328125,951.2787628173828
1679557851290003000,20.9160029296875,0.047607421875,951.2779998779297
1679557852357451300,21.983451171875,0.047607421875,951.2779998779297
1679557853424855300,23.050855224609375,0.029052734375,951.2801361083984
1679557854492236000,24.118236083984375,0.0238037109375,951.2806701660156
1679557855559634200,25.18563427734375,0.00531005859375,951.2828063964844
1679557856626990000,26.252989990234376,-0.0211181640625,951.2859344482422
1679557857694330000,27.320330078125,-0.02374267578125,951.2863159179688
1679557858761711000,28.387711181640626,-0.03167724609375,951.2870025634766
1679557859829024000,29.45502392578125,-0.02374267578125,951.2863159179688
1679557860896407000,30.522406982421874,-0.01318359375,951.2848663330078
1679557861963784200,31.5897841796875,-0.0052490234375,951.2841033935547
1679557863031134200,32.65713427734375,0,951.2834167480469
1679557864098548200,33.72454833984375,0.002685546875,951.2832641601562
1679557865165963300,34.79196337890625,0,951.2834167480469
1679557866233345300,35.85934521484375,-0.0211181640625,951.2857818603516
1679557867300726300,36.92672631835938,-0.029052734375,951.2866973876953
1679557868368109300,37.994109375,-0.03436279296875,951.2872314453125
1679557869435453200,39.061453125,-0.03961181640625,951.2881469726562
1679557870502845200,40.12884521484375,-0.03961181640625,951.2881469726562
1679557871570153200,41.1961533203125,-0.03961181640625,951.2881469726562
1679557872637438000,42.26343798828125,-0.03436279296875,951.2873840332031
1679557873704701200,43.330701171875,-0.03436279296875,951.2873840332031
1679557874771966200,44.39796630859375,-0.03436279296875,951.2873840332031
1679557875839258000,45.46525805664062,-0.03961181640625,951.2879180908203
1679557876906578200,46.532578125,-0.044921875,951.2887573242188
1679557877973885200,47.59988525390625,-0.05548095703125,951.2896728515625
1679557879041179100,48.66717919921875,-0.05548095703125,951.2897491455078
1679557880108522200,49.734522216796876,-0.05548095703125,951.2897491455078
1679557881175754000,50.80175390625,-0.029052734375,951.2868499755859
1679557882243046400,51.86904638671875,-0.0211181640625,951.2857818603516
1679557883310259200,52.93625927734375,-0.0211181640625,951.2857818603516
1679557884377538300,54.00353833007812,-0.0211181640625,951.2857818603516
1679557885444878000,55.07087817382813,-0.01849365234375,951.2857055664062
1679557886512216000,56.138216064453125,-0.01849365234375,951.2857055664062
1679557887579487000,57.20548706054687,-0.01849365234375,951.2854766845703
1679557888646731300,58.27273120117187,-0.01055908203125,951.2845611572266
1679557889713955000,59.339955078125,-0.00262451171875,951.2837982177734
1679557890781215200,60.40721533203125,-0.00262451171875,951.2837982177734
1679557891848501200,61.474501220703125,-0.01580810546875,951.2852478027344
1679557892915790000,62.5417900390625,-0.029052734375,951.28662109375
1679557893983012000,63.60901220703125,-0.029052734375,951.28662109375
1679557895050254000,64.67625415039062,-0.029052734375,951.28662109375
1679557896117493200,65.7434931640625,-0.0079345703125,951.2844848632812
1679557897184703200,66.810703125,-0.00262451171875,951.2836456298828
1679557898251882000,67.87788208007812,0.0079345703125,951.2825012207031
1679557899319120100,68.9451201171875,0.0079345703125,951.2825012207031
1679557900386363400,70.01236328125,0.0079345703125,951.2826538085938
1679557901453578200,71.079578125,0.0079345703125,951.2826538085938
1679557902520840200,72.14684008789062,0.03436279296875,951.2796020507812
1679557903588093200,73.21409326171874,0.044921875,951.2782287597656
1679557904655283200,74.281283203125,0.06610107421875,951.2757873535156
1679557905722459100,75.34845922851562,0.10040283203125,951.27197265625
1679557906789625000,76.415625,0.10040283203125,951.27197265625
1679557907856821000,77.48282104492188,0.0977783203125,951.2722778320312
1679557908923984400,78.549984375,0.09515380859375,951.2726593017578
1679557909991184100,79.61718408203124,0.0845947265625,951.2737274169922
1679557911058366000,80.68436596679688,0.06341552734375,951.2763214111328
1679557912125536300,81.75153637695313,0.060791015625,951.2765502929688
1679557913192737000,82.81873706054688,0.05023193359375,951.2776184082031
1679557914260000300,83.88600024414062,0.044921875,951.2782287597656
1679557915327232000,84.95323193359376,0.044921875,951.2782287597656
1679557916394510300,86.02051025390625,0.0369873046875,951.2791442871094
1679557917461765400,87.08776538085938,0.047607421875,951.2781524658203
1679557918529025000,88.15502490234375,0.05816650390625,951.27685546875
1679557919596213000,89.222212890625,0.073974609375,951.2749481201172
1679557920663491300,90.2894912109375,0.07928466796875,951.2745666503906
1679557921730664200,91.35666430664062,0.0845947265625,951.2736511230469
1679557922797866000,92.42386596679688,0.09246826171875,951.2728881835938
1679557923865081000,93.4910810546875,0.09246826171875,951.2728881835938
1679557924932226300,94.55822631835937,0.0819091796875,951.2739562988281
1679557925999383300,95.62538330078125,0.07666015625,951.2746429443359
1679557927066506200,96.69250634765625,0.0687255859375,951.2757110595703
1679557928133684200,97.75968432617188,0.0687255859375,951.2757110595703
1679557929200854000,98.82685400390625,0.07928466796875,951.2742614746094
1679557930268094000,99.89409399414062,0.07928466796875,951.2742614746094
1679557931335261200,100.96126123046875,0.07928466796875,951.2742614746094
1679557932402389200,102.02838916015625,0.07928466796875,951.2742614746094
1679557933469549000,103.09554907226563,0.07928466796875,951.2742614746094
1679557934536697000,104.16269702148438,0.0528564453125,951.2775421142578
1679557935603852300,105.22985229492187,0.0396728515625,951.2789154052734
1679557936671020300,106.29702026367187,0.029052734375,951.2802124023438
1679557937738130200,107.36413012695313,0.01324462890625,951.2818908691406
1679557938805346300,108.43134619140625,-0.01055908203125,951.2846374511719
1679557939872558000,109.49855810546875,-0.02374267578125,951.2862396240234
1679557940939802000,110.56580200195313,-0.02374267578125,951.2862396240234
1679557942007038200,111.6330380859375,-0.0079345703125,951.2844085693359
1679557943074255000,112.70025512695312,-0.0052490234375,951.2842559814453
1679557944141485300,113.7674853515625,0.02117919921875,951.2811279296875
1679557945208664000,114.8346640625,0.04229736328125,951.2786865234375
1679557946275866400,115.90186645507812,0.07135009765625,951.2752532958984
1679557947343067100,116.96906713867187,0.07135009765625,951.2752532958984
1679557948410281200,118.03628125,0.07135009765625,951.2754058837891
1679557949477481200,119.10348120117187,0.07135009765625,951.2754058837891
1679557950544615200,120.170615234375,0.073974609375,951.2749481201172
1679557951611797000,121.237796875,0.073974609375,951.2749481201172
1679557952678990000,122.30498999023438,0.0819091796875,951.2740325927734
1679557953746134300,123.37213427734375,0.12420654296875,951.2692260742188
1679557954813281000,124.43928100585937,0.16650390625,951.2643432617188
1679557955880382000,125.5063818359375,0.195556640625,951.2610626220703
1679557956947561200,126.57356127929687,0.22991943359375,951.2572479248047
1679557958014688300,127.64068823242188,0.25634765625,951.2540435791016
1679557959081784300,128.70778442382812,0.285400390625,951.2509155273438
1679557960148871200,129.77487109375,0.31182861328125,951.2477874755859
1679557961216005000,130.84200512695313,0.32763671875,951.2461090087891
1679557962283169300,131.90916918945314,0.32763671875,951.2461090087891
1679557963350317300,132.9763173828125,0.31707763671875,951.2471008300781
1679557964417468200,134.04346826171874,0.30914306640625,951.2482452392578
1679557965484620000,135.1106201171875,0.25897216796875,951.2537384033203
1679557966551721200,136.17772119140625,0.224609375,951.2577056884766
1679557967618829300,137.24482934570312,0.19293212890625,951.2614440917969
1679557968685925000,138.31192504882813,0.16650390625,951.2644195556641
1679557969753028000,139.37902807617186,0.1427001953125,951.26708984375
1679557970820148200,140.44614819335936,0.1136474609375,951.2704467773438
1679557971887291100,141.513291015625,0.0977783203125,951.2724304199219
1679557972954402300,142.58040234375,0.0687255859375,951.2754821777344
1679557974021536000,143.64753588867188,0.060791015625,951.2764739990234
1679557975088614100,144.7146142578125,0.044921875,951.2783813476562
1679557976155690200,145.78169018554686,0.044921875,951.2783813476562
1679557977222728200,146.84872827148436,0.03173828125,951.2797546386719
1679557978289793300,147.91579321289063,0.03173828125,951.2799072265625
1679557979356914200,148.9829140625,0.03173828125,951.2797546386719
1679557980424042200,150.05004223632812,0.0396728515625,951.2790679931641
1679557981491172000,151.11717211914063,0.04229736328125,951.2785339355469
1679557982558348300,152.18434838867188,0.05548095703125,951.2770843505859
1679557983625436200,153.25143627929688,0.05548095703125,951.2770843505859
1679557984692514300,154.31851440429688,0.05548095703125,951.2770843505859
1679557985759625200,155.3856252441406,0.06341552734375,951.2760925292969
1679557986826750200,156.45275024414062,0.07928466796875,951.2744903564453
1679557987893849000,157.51984912109376,0.07928466796875,951.2744903564453
1679557988960900000,158.58690014648437,0.07666015625,951.2746429443359
1679557990027941000,159.65394116210936,0.07666015625,951.2747192382812
1679557991095076000,160.721076171875,0.0528564453125,951.2773895263672
1679557992162178300,161.78817822265626,0.03436279296875,951.2794494628906
1679557993229280300,162.8552802734375,0.029052734375,951.2801361083984
1679557994296432400,163.9224323730469,0.01055908203125,951.2821197509766
1679557995363562000,164.98956201171876,0.0079345703125,951.2824249267578
1679557996430722300,166.05672241210937,-0.00262451171875,951.2837982177734
1679557997497825000,167.12382495117188,-0.00262451171875,951.2837982177734
1679557998564882200,168.19088208007813,0,951.2834930419922
1679557999631972000,169.25797216796875,0.002685546875,951.2831878662109
1679558000699033300,170.32503344726564,0.01849365234375,951.2815093994141
1679558001766100200,171.39210034179686,0.01849365234375,951.2815093994141
1679558002833158100,172.459158203125,0.01849365234375,951.2813568115234
1679558003900231200,173.52623120117187,0.015869140625,951.2815856933594
1679558004967301000,174.59330102539062,0.015869140625,951.2815856933594
1679558006034372000,175.6603720703125,0.015869140625,951.2815856933594
1679558007101457200,176.72745703125,0.02642822265625,951.2802886962891
1679558008168568000,177.79456811523437,0.0369873046875,951.2793731689453
1679558009235602200,178.86160229492188,0.04229736328125,951.2785339355469
1679558010302608100,179.92860815429688,0.04229736328125,951.2785339355469
1679558011369572000,180.99557202148438,0.04229736328125,951.2785339355469
1679558012436540200,182.0625400390625,0.0396728515625,951.2790679931641
1679558013503571200,183.1295712890625,0.0396728515625,951.2790679931641
1679558014570640100,184.19664013671874,0.044921875,951.2784576416016
1679558015637766100,185.26376611328126,0.044921875,951.2782287597656
1679558016704858000,186.33085815429686,0.05023193359375,951.2778472900391
1679558017771943200,187.39794311523437,0.05023193359375,951.2778472900391
1679558018838943200,188.46494311523438,0.044921875,951.2782287597656
1679558019906022100,189.53202221679686,0.04229736328125,951.2786865234375
1679558020973063200,190.59906323242188,0.02117919921875,951.2810516357422
1679558022040064000,191.66606396484374,0.01324462890625,951.2820434570312
1679558023107073000,192.73307299804688,0.0079345703125,951.2824249267578
1679558024174025000,193.80002490234375,0.0079345703125,951.2825775146484
1679558025241046300,194.86704638671876,0.0079345703125,951.2824249267578
1679558026308106200,195.9341062011719,0.03173828125,951.2799072265625
1679558027375146200,197.00114624023436,0.03173828125,951.2797546386719
1679558028442240300,198.068240234375,0.04229736328125,951.2786865234375
1679558029509248300,199.1352482910156,0.04229736328125,951.2785339355469
1679558030576297200,200.20229711914064,0.047607421875,951.2779235839844
1679558031643362300,201.2693623046875,0.05023193359375,951.2776184082031
1679558032710433300,202.33643334960936,0.05023193359375,951.2776184082031
1679558033777492200,203.4034921875,0.04229736328125,951.2787628173828
1679558034844517000,204.47051708984375,0.04229736328125,951.2787628173828
1679558035911613200,205.53761328125,0.044921875,951.2783050537109
1679558036978711000,206.6047109375,0.05023193359375,951.2777709960938
1679558038045788400,207.67178833007813,0.05023193359375,951.2777709960938
1679558039112921300,208.73892138671874,0.073974609375,951.2749481201172
1679558040180015000,209.80601513671874,0.0977783203125,951.2723541259766
1679558041247008000,210.87300805664063,0.118896484375,951.2699890136719
1679558042314058000,211.94005810546875,0.118896484375,951.2699890136719
1679558043381058300,213.00705834960937,0.11627197265625,951.2702178955078
1679558044448107300,214.07410717773436,0.08721923828125,951.2733459472656
1679558045515214000,215.1412141113281,0.073974609375,951.2749481201172
1679558046582264000,216.20826416015626,0.0687255859375,951.2757110595703
1679558047649303300,217.27530322265625,0.06341552734375,951.2763214111328
1679558048716315400,218.3423154296875,0.06341552734375,951.2763214111328
1679558049783364000,219.40936401367188,0.073974609375,951.2751770019531
1679558050850369300,220.47636938476563,0.073974609375,951.2751770019531
1679558051917372200,221.5433720703125,0.07135009765625,951.2752532958984
1679558052984381200,222.61038110351564,0.06610107421875,951.2757873535156
1679558054051405300,223.6774052734375,0.06610107421875,951.2758636474609
1679558055118398200,224.7443981933594,0.06341552734375,951.2763214111328
1679558056185412000,225.811412109375,0.05816650390625,951.27685546875
1679558057252470300,226.87847021484376,0.05816650390625,951.27685546875
1679558058319534000,227.9455341796875,0.07135009765625,951.2754058837891
1679558059386594000,229.01259399414062,0.07666015625,951.2746429443359
1679558060453640200,230.07964013671875,0.07928466796875,951.2743377685547
1679558061520638200,231.14663818359375,0.0819091796875,951.2741851806641
1679558062587657200,232.2136572265625,0.0819091796875,951.2741851806641
1679558063654681000,233.28068115234376,0.0687255859375,951.2754821777344
1679558064721720300,234.34772021484375,0.0687255859375,951.2754821777344
1679558065788775200,235.41477514648437,0.07928466796875,951.2743377685547
1679558066855841300,236.48184130859374,0.07928466796875,951.2743377685547
1679558067922904300,237.548904296875,0.08984375,951.2732696533203
1679558068989938200,238.61593823242188,0.10308837890625,951.2715911865234
1679558070056947200,239.682947265625,0.1268310546875,951.2689208984375
1679558071123979000,240.74997900390625,0.134765625,951.2682342529297
1679558072191015200,241.81701513671874,0.13739013671875,951.2677764892578
1679558073258032000,242.8840322265625,0.13739013671875,951.2677764892578
1679558074325061000,243.95106103515624,0.12158203125,951.2696075439453
1679558075391989200,245.0179892578125,0.09515380859375,951.2725830078125
1679558076458954000,246.0849541015625,0.047607421875,951.2779998779297
1679558077526009000,247.15200903320311,0.02117919921875,951.2811279296875
1679558078593084200,248.2190842285156,0.01324462890625,951.2819671630859
1679558079660160000,249.28615991210938,0.01324462890625,951.2819671630859
1679558080727164200,250.3531640625,0.0238037109375,951.2808227539062
1679558081794151200,251.42015112304688,0.029052734375,951.2801361083984
1679558082861162200,252.48716235351563,0.029052734375,951.2801361083984
1679558083928213000,253.554212890625,0.02642822265625,951.280517578125
1679558084995251200,254.62125122070313,0.0238037109375,951.2807464599609
1679558086062221300,255.68822119140626,0.0079345703125,951.2826538085938
1679558087129310200,256.75531030273436,0.0079345703125,951.2826538085938
1679558088196381200,257.8223811035156,0.01849365234375,951.2812805175781
1679558089263444200,258.8894443359375,0.04229736328125,951.2786865234375
1679558090330454000,259.9564541015625,0.05548095703125,951.2772369384766
1679558091397502200,261.0235021972656,0.073974609375,951.2749481201172
1679558092464501200,262.0905012207031,0.0845947265625,951.2738037109375
1679558093531529200,263.157529296875,0.0845947265625,951.2738037109375
1679558094598612000,264.22461206054686,0.0845947265625,951.2738037109375
1679558095665679000,265.2916791992188,0.0819091796875,951.2740325927734
1679558096732760000,266.3587600097656,0.060791015625,951.2763977050781
1679558097799857200,267.4258571777344,0.060791015625,951.2763977050781
1679558098866933000,268.49293310546875,0.08984375,951.2732696533203
1679558099933952000,269.5599519042969,0.08984375,951.2732696533203
1679558101000988200,270.62698828125,0.08984375,951.2731170654297
1679558102068015000,271.69401513671875,0.1268310546875,951.2688446044922
1679558103135038200,272.7610380859375,0.163818359375,951.2648773193359
1679558104202044200,273.8280441894531,0.163818359375,951.2647247314453
1679558105269071000,274.89507104492185,0.1796875,951.2629699707031
1679558106336147000,275.9621469726562,0.1796875,951.2629699707031
1679558107403186200,277.0291862792969,0.1717529296875,951.2638854980469
1679558108470281200,278.09628125,0.15325927734375,951.2659454345703
1679558109537316000,279.16331616210937,0.15325927734375,951.2659454345703
1679558110604345000,280.23034497070313,0.15325927734375,951.2659454345703
1679558111671322000,281.2973220214844,0.15325927734375,951.2660980224609
1679558112738316000,282.3643159179687,0.150634765625,951.2662506103516
1679558113805391000,283.4313911132812,0.1427001953125,951.2672424316406
1679558114872413200,284.4984130859375,0.14007568359375,951.2673950195312
1679558115939399200,285.5653991699219,0.14007568359375,951.2673950195312
1679558117006429200,286.63242919921873,0.1558837890625,951.2655639648438
1679558118073471000,287.69947094726564,0.1796875,951.2628936767578
1679558119140423200,288.76642309570315,0.20611572265625,951.259765625
1679558120207366100,289.8333662109375,0.22198486328125,951.2580108642578
1679558121274374100,290.9003740234375,0.22198486328125,951.2580108642578
1679558122341421000,291.96742114257813,0.2166748046875,951.2588500976562
1679558123408493300,293.0344934082031,0.19818115234375,951.2607574462891
1679558124475542000,294.1015419921875,0.195556640625,951.2610626220703
1679558125542546200,295.1685461425781,0.19024658203125,951.2616729736328
1679558126609609200,296.23560913085936,0.19024658203125,951.2616729736328
1679558127676690200,297.30269018554685,0.19818115234375,951.2609100341797
1679558128743754200,298.36975415039063,0.21142578125,951.2593841552734
1679558129810815000,299.4368149414062,0.21142578125,951.2593841552734
1679558130877838000,300.5038381347656,0.2034912109375,951.2602996826172
1679558131944867000,301.5708671875,0.17706298828125,951.2632751464844
1679558133011879200,302.63787915039063,0.16119384765625,951.2651062011719
1679558134078820400,303.7048203125,0.1585693359375,951.2653350830078
1679558135145734100,304.7717341308594,0.1585693359375,951.2653350830078
1679558136212665000,305.8386650390625,0.163818359375,951.2647247314453
1679558137279634200,306.9056342773437,0.20611572265625,951.259765625
1679558138346638000,307.97263818359374,0.240478515625,951.2559509277344
1679558139413639200,309.03963916015624,0.2457275390625,951.2552642822266
1679558140480620000,310.1066201171875,0.2457275390625,951.2552642822266
1679558141547625000,311.173625,0.23516845703125,951.2564849853516
1679558142614666200,312.24066625976565,0.22198486328125,951.2580108642578
1679558143681693200,313.3076931152344,0.22198486328125,951.2580871582031
1679558144748732200,314.37473217773436,0.2166748046875,951.2586975097656
1679558145815734300,315.441734375,0.2166748046875,951.2586975097656
1679558146882695200,316.5086950683594,0.22991943359375,951.2571716308594
1679558147949741000,317.5757409667969,0.22991943359375,951.2571716308594
1679558149016777200,318.64277709960936,0.22991943359375,951.2571716308594
1679558150083824000,319.70982421875,0.25103759765625,951.2548065185547
1679558151150784300,320.7767841796875,0.2906494140625,951.2503814697266
1679558152217859300,321.843859375,0.3355712890625,951.2452697753906
1679558153284888300,322.9108884277344,0.3673095703125,951.2413787841797
1679558154351945200,323.9779453125,0.39898681640625,951.2380218505859
1679558155419057200,325.04505712890625,0.40692138671875,951.2371063232422
1679558156486143200,326.11214331054686,0.40692138671875,951.2369537353516
1679558157553187000,327.17918701171874,0.40692138671875,951.2369537353516
1679558158620225300,328.2462253417969,0.40692138671875,951.2369537353516
1679558159687272200,329.31327221679686,0.42279052734375,951.2351226806641
1679558160754289200,330.3802890625,0.42279052734375,951.2351226806641
1679558161821344300,331.44734423828123,0.4254150390625,951.2348175048828
1679558162888349200,332.51434912109374,0.43865966796875,951.2332916259766
1679558163955345200,333.58134521484374,0.44921875,951.2321472167969
1679558165022345000,334.64834497070314,0.44921875,951.2321472167969
1679558166089317000,335.7153171386719,0.44390869140625,951.2327575683594
1679558167156268000,336.78226806640623,0.44390869140625,951.2328338623047
1679558168223224000,337.84922412109376,0.44390869140625,951.2327575683594
1679558169290201000,338.916201171875,0.44390869140625,951.2326812744141
1679558170357175000,339.9831750488281,0.46771240234375,951.2301635742188
1679558171424203300,341.0502033691406,0.4703369140625,951.2298583984375
1679558172491210200,342.11721020507815,0.48883056640625,951.2277984619141
1679558173558201000,343.184201171875,0.48883056640625,951.2277984619141
1679558174625135000,344.2511350097656,0.4862060546875,951.2279510498047
1679558175692092200,345.31809204101563,0.47564697265625,951.2291717529297
1679558176759064300,346.3850642089844,0.4703369140625,951.2299346923828
1679558177826074000,347.45207421875,0.45977783203125,951.2308502197266
1679558178893063200,348.5190632324219,0.4571533203125,951.2312316894531
1679558179960003000,349.58600317382815,0.4571533203125,951.2312316894531
1679558181026994200,350.652994140625,0.45977783203125,951.2310791015625
1679558182093965300,351.7199653320312,0.45977783203125,951.2310791015625
1679558183160939300,352.7869392089844,0.45184326171875,951.2319183349609
1679558184227930000,353.8539301757813,0.45184326171875,951.2319946289062
1679558185294876200,354.9208762207031,0.44659423828125,951.2326049804688
1679558186361784300,355.98778442382815,0.44659423828125,951.2326049804688
1679558187428767200,357.0547673339844,0.44659423828125,951.2323760986328
1679558188495727000,358.12172705078126,0.44921875,951.2322235107422
1679558189562585000,359.18858520507814,0.44921875,951.2322235107422
1679558190629422000,360.25542211914063,0.44921875,951.2322235107422
1679558191696394200,361.3223942871094,0.43597412109375,951.2336730957031
1679558192763381200,362.38938134765624,0.4254150390625,951.2347412109375
1679558193830327300,363.45632739257815,0.4254150390625,951.2348937988281
1679558194897326300,364.5233264160156,0.41748046875,951.2359619140625
1679558195964279300,365.590279296875,0.40692138671875,951.2369537353516
1679558197031209200,366.6572092285156,0.404296875,951.2371826171875
1679558198098117000,367.7241171875,0.404296875,951.2371826171875
1679558199165115100,368.791115234375,0.404296875,951.2371826171875
1679558200232052000,369.8580520019531,0.39898681640625,951.2380218505859
1679558201299048200,370.9250480957031,0.3963623046875,951.2383270263672
1679558202366022100,371.9920222167969,0.3963623046875,951.2383270263672
1679558203432940300,373.0589401855469,0.3963623046875,951.2381744384766
1679558204499854000,374.1258540039062,0.39898681640625,951.23779296875
1679558205566761200,375.19276123046876,0.40960693359375,951.2368011474609
1679558206633709300,376.25970922851565,0.40960693359375,951.2366485595703
1679558207700715000,377.32671508789065,0.4122314453125,951.2363433837891
1679558208767651000,378.3936511230469,0.433349609375,951.2339019775391
1679558209834680000,379.46068017578125,0.45184326171875,951.2319183349609
1679558210901678000,380.5276779785156,0.465087890625,951.2303161621094
1679558211968590300,381.59459033203126,0.5020751953125,951.2260437011719
1679558213035614200,382.6616142578125,0.52056884765625,951.2241363525391
1679558214102594000,383.7285939941406,0.52056884765625,951.2241363525391
1679558215169606100,384.7956062011719,0.52056884765625,951.2241363525391
1679558216236620300,385.86262036132814,0.5020751953125,951.2261962890625
1679558217303645200,386.9296452636719,0.5020751953125,951.2262725830078
1679558218370584300,387.99658422851564,0.494140625,951.2271881103516
1679558219437500200,389.06350024414064,0.4862060546875,951.22802734375
1679558220504448300,390.1304482421875,0.4862060546875,951.22802734375
1679558221571393300,391.1973933105469,0.4993896484375,951.2265014648438
1679558222638317000,392.26431713867186,0.4993896484375,951.2265014648438
1679558223705338000,393.33133813476564,0.4993896484375,951.2265014648438
1679558224772272000,394.3982722167969,0.49676513671875,951.2266540527344
1679558225839192000,395.46519213867185,0.49151611328125,951.2274169921875
1679558226906123300,396.53212329101564,0.48883056640625,951.2277984619141
1679558227973068300,397.599068359375,0.48883056640625,951.2277984619141
1679558229040075000,398.6660749511719,0.4993896484375,951.2265777587891
1679558230107126300,399.7331262207031,0.4993896484375,951.2265777587891
1679558231174123300,400.8001232910156,0.49676513671875,951.2268829345703
1679558232241104100,401.86710424804687,0.49676513671875,951.2268829345703
1679558233308116200,402.9341162109375,0.4993896484375,951.2264251708984
1679558234375131100,404.0011311035156,0.52056884765625,951.2241363525391
1679558235442112300,405.0681123046875,0.5311279296875,951.2228393554688
1679558236509136100,406.13513623046873,0.54962158203125,951.2207794189453
1679558237576136200,407.20213623046874,0.55224609375,951.2204742431641
1679558238643158300,408.269158203125,0.55224609375,951.2204742431641
1679558239710180400,409.3361804199219,0.52850341796875,951.2230682373047
1679558240777115100,410.403115234375,0.52850341796875,951.2232208251953
1679558241844131300,411.47013134765626,0.52850341796875,951.2230682373047
1679558242911164200,412.5371640625,0.53375244140625,951.2226104736328
1679558243978187000,413.60418701171875,0.53375244140625,951.2226104736328
1679558245045208300,414.67120825195315,0.52850341796875,951.2230682373047
1679558246112222200,415.73822216796873,0.5152587890625,951.2247467041016
1679558247179241200,416.8052412109375,0.5152587890625,951.2247467041016
1679558248246290200,417.87229028320314,0.51788330078125,951.2242889404297
1679558249313321200,418.9393212890625,0.51788330078125,951.2242126464844
1679558250380406000,420.0064060058594,0.52850341796875,951.22314453125
1679558251447499300,421.07349926757814,0.5443115234375,951.2213897705078
1679558252514591200,422.14059130859374,0.5443115234375,951.2213897705078
1679558253581666300,423.20766625976563,0.5390625,951.2217712402344
1679558254648749000,424.2747490234375,0.5390625,951.2217712402344
1679558255715850200,425.3418503417969,0.55755615234375,951.2197875976562
1679558256782874000,426.4088740234375,0.56549072265625,951.2189483642578
1679558257849937200,427.4759372558594,0.5892333984375,951.2161254882812
1679558258917001200,428.5430012207031,0.5919189453125,951.2158966064453
1679558259984027100,429.6100270996094,0.5919189453125,951.2158966064453
1679558261051049200,430.6770493164062,0.581298828125,951.2171173095703
1679558262118031400,431.74403125,0.568115234375,951.2186431884766
1679558263184974000,432.81097412109375,0.5601806640625,951.219482421875
1679558264251978200,433.8779782714844,0.5601806640625,951.219482421875
1679558265318935000,434.9449350585937,0.57342529296875,951.2179565429688
1679558266385850000,436.01185009765624,0.57342529296875,951.2178802490234
1679558267452813000,437.07881298828124,0.58660888671875,951.2165069580078
1679558268519723300,438.14572314453125,0.58660888671875,951.2165069580078
1679558269586735400,439.2127353515625,0.581298828125,951.2171936035156
1679558270653774300,440.2797744140625,0.57867431640625,951.2172698974609
1679558271720798200,441.34679809570315,0.57867431640625,951.2172698974609
1679558272787750100,442.4137502441406,0.57867431640625,951.2172698974609
1679558273854694100,443.48069409179686,0.57073974609375,951.2183380126953
1679558274921730300,444.5477302246094,0.5601806640625,951.219482421875
1679558275988771300,445.61477124023435,0.55224609375,951.2205505371094
1679558277055772200,446.6817722167969,0.55224609375,951.2205505371094
1679558278122755300,447.74875537109375,0.55224609375,951.2205505371094
1679558279189719300,448.81571923828125,0.56280517578125,951.2191772460938
1679558280256725000,449.88272509765625,0.56280517578125,951.2190246582031
1679558281323734300,450.949734375,0.56280517578125,951.2190246582031
1679558282390794200,452.01679418945315,0.56280517578125,951.2192535400391
1679558283457835300,453.0838352050781,0.56280517578125,951.2192535400391
1679558284524839200,454.15083911132814,0.56280517578125,951.2192535400391
1679558285591879200,455.2178791503906,0.5601806640625,951.2196350097656
1679558286658905300,456.2849052734375,0.54168701171875,951.2216186523438
1679558287725819100,457.35181909179687,0.54168701171875,951.2216949462891
1679558288792823000,458.4188229980469,0.54168701171875,951.2216186523438
1679558289859756300,459.48575634765626,0.54168701171875,951.2216186523438
1679558290926698200,460.5526982421875,0.5469970703125,951.2210845947266
1679558291993633300,461.61963330078123,0.554931640625,951.2202453613281
1679558293060638200,462.68663818359374,0.57073974609375,951.21826171875
1679558294127663000,463.7536630859375,0.5892333984375,951.2162017822266
1679558295194612200,464.8206123046875,0.5892333984375,951.2162017822266
1679558296261599000,465.8875988769531,0.5892333984375,951.2162017822266
1679558297328664000,466.9546640625,0.6209716796875,951.2126159667969
1679558298395763200,468.02176318359375,0.6209716796875,951.2126159667969
1679558299462823200,469.0888232421875,0.626220703125,951.2120056152344
1679558300529818000,470.15581811523435,0.62890625,951.2115478515625
1679558301596766200,471.22276611328124,0.64471435546875,951.2097930908203
1679558302663768300,472.2897683105469,0.64471435546875,951.2097930908203
1679558303730761200,473.35676123046875,0.64471435546875,951.2097930908203
1679558304797748000,474.423748046875,0.64471435546875,951.2097930908203
1679558305864728300,475.4907282714844,0.64739990234375,951.2095642089844
1679558306931751200,476.55775122070315,0.64739990234375,951.2094879150391
1679558307998821400,477.6248212890625,0.64739990234375,951.2094879150391
1679558309065854000,478.69185400390626,0.64208984375,951.2100219726562
1679558310132844300,479.75884423828126,0.64208984375,951.2101745605469
1679558311199860000,480.82585986328127,0.64208984375,951.2101745605469
1679558312266894000,481.89289404296875,0.62359619140625,951.2123107910156
1679558313333955300,482.9599553222656,0.62359619140625,951.2123107910156
1679558314401007000,484.02700708007814,0.61566162109375,951.2133026123047
1679558315468065300,485.09406518554687,0.61566162109375,951.2133026123047
1679558316535063300,486.1610632324219,0.613037109375,951.2136077880859
1679558317602078200,487.228078125,0.61041259765625,951.2139129638672
1679558318669102000,488.2951020507812,0.60247802734375,951.214599609375
1679558319736173000,489.3621730957031,0.581298828125,951.2171936035156
1679558320803166200,490.4291662597656,0.57867431640625,951.2173461914062
1679558321870161200,491.4961611328125,0.5760498046875,951.2178039550781
1679558322937197300,492.563197265625,0.57342529296875,951.2179565429688
1679558324004186000,493.63018603515627,0.57342529296875,951.2179565429688
1679558325071234300,494.697234375,0.5760498046875,951.2177276611328
1679558326138237200,495.7642373046875,0.581298828125,951.217041015625
1679558327205239000,496.83123901367185,0.5892333984375,951.2162780761719
1679558328272236000,497.8982360839844,0.61041259765625,951.2139129638672
1679558329339222300,498.96522216796876,0.61566162109375,951.2130737304688
1679558330406202000,500.0322021484375,0.62890625,951.2117767333984
1679558331473292000,501.0992919921875,0.63153076171875,951.2113952636719
1679558332540355300,502.1663552246094,0.63153076171875,951.2113952636719
1679558333607399200,503.2333991699219,0.61834716796875,951.2129211425781
1679558334674390000,504.30039013671876,0.61041259765625,951.2139129638672
1679558335741483300,505.36748315429685,0.61041259765625,951.2139129638672
1679558336808531200,506.43453125,0.61041259765625,951.2137603759766
1679558337875599000,507.50159912109376,0.61566162109375,951.2130737304688
1679558338942620200,508.5686201171875,0.6209716796875,951.2126159667969
1679558340009644300,509.63564428710936,0.6209716796875,951.2126159667969
1679558341076676000,510.70267602539064,0.6209716796875,951.2126159667969
1679558342143738400,511.76973828125,0.6209716796875,951.2126159667969
1679558343210768100,512.8367680664062,0.63946533203125,951.2104797363281
1679558344277771300,513.9037712402344,0.64739990234375,951.2094879150391
1679558345344751000,514.9707512207032,0.65264892578125,951.2088775634766
1679558346411776000,516.0377758789062,0.65264892578125,951.2088012695312
1679558347478830000,517.104830078125,0.66058349609375,951.2081146240234
1679558348545892400,518.1718923339844,0.66058349609375,951.2081146240234
1679558349612945200,519.2389450683594,0.66058349609375,951.2081146240234
1679558350680001300,520.3060012207031,0.671142578125,951.2067413330078
1679558351747042300,521.3730422363282,0.671142578125,951.2067413330078
1679558352814095400,522.4400954589844,0.671142578125,951.2067413330078
1679558353881160200,523.50716015625,0.657958984375,951.2083435058594
1679558354948236300,524.574236328125,0.65264892578125,951.2090301513672
1679558356015270100,525.6412702636719,0.63946533203125,951.2105560302734
1679558357082288400,526.7082883300782,0.6209716796875,951.2126159667969
1679558358149329200,527.7753291015625,0.6209716796875,951.2126159667969
1679558359216422100,528.8424221191407,0.6209716796875,951.2126159667969
1679558360283524400,529.9095244140625,0.63946533203125,951.2105560302734
1679558361350680000,530.9766801757812,0.64208984375,951.2101745605469
1679558362417754000,532.0437541503907,0.6500244140625,951.2091064453125
1679558363484842000,533.1108420410156,0.66326904296875,951.2076568603516
1679558364551983000,534.1779831542968,0.6817626953125,951.2055969238281
1679558365619098000,535.2450981445312,0.6817626953125,951.2055969238281
1679558366686222000,536.3122221679688,0.6790771484375,951.2059020996094
1679558367753325300,537.3793251953125,0.67645263671875,951.2061309814453
1679558368820478200,538.4464782714844,0.657958984375,951.2082672119141
1679558369887510000,539.5135100097656,0.6500244140625,951.2092590332031
1679558370954622200,540.5806223144531,0.6500244140625,951.2092590332031
1679558372021665000,541.6476650390625,0.64739990234375,951.2095642089844
1679558373088655400,542.7146552734375,0.64739990234375,951.2095642089844
1679558374155741200,543.7817412109375,0.6500244140625,951.2092590332031
1679558375222729200,544.8487292480469,0.657958984375,951.2083435058594
1679558376289710300,545.9157104492188,0.66058349609375,951.2081146240234
1679558377356630000,546.9826301269532,0.66851806640625,951.207275390625
1679558378423579100,548.0495791015625,0.66851806640625,951.2070465087891
1679558379490577200,549.1165771484375,0.6790771484375,951.2059020996094
1679558380557627100,550.1836271972657,0.6790771484375,951.2059020996094
1679558381624649200,551.2506491699219,0.657958984375,951.2082672119141
1679558382691663400,552.3176633300782,0.61834716796875,951.2127685546875
1679558383758652200,553.3846520996094,0.583984375,951.2168121337891
1679558384825713200,554.4517131347657,0.5601806640625,951.219482421875
1679558385892783000,555.518783203125,0.523193359375,951.2238311767578
1679558386959825200,556.5858251953125,0.523193359375,951.2238311767578
1679558388026822100,557.652822265625,0.54168701171875,951.2215423583984
1679558389093868300,558.7198684082031,0.54962158203125,951.2208557128906
1679558390160870100,559.7868701171875,0.55224609375,951.2204742431641
1679558391227928000,560.8539279785156,0.56280517578125,951.2191772460938
1679558392294932200,561.9209321289062,0.5760498046875,951.2176513671875
1679558393361909200,562.9879091796874,0.59454345703125,951.2155914306641
1679558394428906200,564.05490625,0.62890625,951.2115478515625
1679558395495961000,565.1219611816406,0.657958984375,951.2083435058594
1679558396563041300,566.1890412597656,0.66058349609375,951.2078857421875
1679558397630113000,567.2561130371093,0.66058349609375,951.2078857421875
1679558398697136000,568.3231362304688,0.6500244140625,951.2091827392578
1679558399764151000,569.3901511230468,0.6341552734375,951.2111663818359
1679558400831140400,570.4571403808594,0.60247802734375,951.2145233154297
1679558401898176300,571.5241762695313,0.60247802734375,951.2147521972656
1679558402965225200,572.5912250976562,0.59716796875,951.2151336669922
1679558404032252200,573.6582521972656,0.59716796875,951.2151336669922
1679558405099259100,574.7252590332031,0.59716796875,951.2152099609375
1679558406166325000,575.7923249511718,0.5919189453125,951.2158966064453
1679558407233374200,576.8593742675781,0.5760498046875,951.2177276611328
1679558408300389400,577.9263894042969,0.554931640625,951.2200164794922
1679558409367412000,578.9934118652344,0.54962158203125,951.2207794189453
1679558410434469000,580.0604692382813,0.554931640625,951.2200164794922
1679558411501520100,581.1275200195313,0.568115234375,951.2184906005859
1679558412568621000,582.19462109375,0.57867431640625,951.2172698974609
1679558413635693000,583.2616931152344,0.57867431640625,951.2172698974609
1679558414702714000,584.3287141113282,0.55755615234375,951.2197113037109
1679558415769669000,585.3956691894531,0.54962158203125,951.2208557128906
1679558416836709400,586.4627094726562,0.52056884765625,951.2239074707031
1679558417903770000,587.5297700195313,0.52056884765625,951.2239074707031
1679558418970795300,588.5967951660157,0.523193359375,951.2236785888672
1679558420037846000,589.6638459472656,0.5390625,951.2220001220703
1679558421104914200,590.7309140625,0.54168701171875,951.2216949462891
1679558422171972400,591.7979724121094,0.54168701171875,951.2216949462891
1679558423239034000,592.8650341796875,0.523193359375,951.2237548828125
1679558424306093300,593.9320932617187,0.49151611328125,951.2274932861328
1679558425373172200,594.9991721191407,0.47564697265625,951.2291717529297
1679558426440171300,596.0661711425781,0.45977783203125,951.2308502197266
1679558427507182000,597.1331821289062,0.45184326171875,951.2319183349609
1679558428574218200,598.2002182617188,0.45184326171875,951.2319183349609
1679558429641222100,599.2672221679687,0.46771240234375,951.2301635742188
1679558430708259000,600.3342590332031,0.4730224609375,951.2294006347656
1679558431775243300,601.4012431640625,0.494140625,951.2269592285156
1679558432842235100,602.4682351074218,0.51788330078125,951.2242126464844
1679558433909200100,603.5352001953125,0.52056884765625,951.2240600585938
1679558434976164000,604.6021640625,0.52056884765625,951.2240600585938
1679558436043190300,605.6691901855469,0.52850341796875,951.2232971191406
1679558437110227200,606.7362272949218,0.52850341796875,951.2232971191406
1679558438177280300,607.8032802734375,0.510009765625,951.2251281738281
1679558439244287200,608.8702873535157,0.50732421875,951.2255096435547
1679558440311260200,609.9372602539063,0.50732421875,951.2255096435547
1679558441378218200,611.0042182617187,0.49676513671875,951.2266540527344
1679558442445213200,612.0712131347656,0.49676513671875,951.2268829345703
1679558443512162300,613.1381623535157,0.48883056640625,951.2276458740234
1679558444579135200,614.2051352539063,0.494140625,951.2270355224609
1679558445646072000,615.2720720214844,0.494140625,951.2270355224609
1679558446712973000,616.3389731445312,0.4993896484375,951.2264251708984
1679558447779968300,617.4059682617187,0.52056884765625,951.2239074707031
1679558448846935300,618.4729353027344,0.5311279296875,951.2227630615234
1679558449913897200,619.5398972167969,0.55224609375,951.2204742431641
1679558450980880400,620.6068803710938,0.554931640625,951.2200164794922
1679558452047831000,621.6738310546875,0.55755615234375,951.2197113037109
1679558453114780200,622.7407802734375,0.56549072265625,951.2189483642578
1679558454181811200,623.8078112792969,0.581298828125,951.2169647216797
1679558455248836400,624.8748364257813,0.599853515625,951.2150573730469
1679558456315886300,625.9418862304688,0.62359619140625,951.2122344970703
1679558457382910200,627.00891015625,0.64739990234375,951.209716796875
1679558458449994000,628.0759938964844,0.6817626953125,951.2054443359375
1679558459517023000,629.1430229492188,0.68701171875,951.2051391601562
1679558460584106200,630.2101062011719,0.70025634765625,951.2033843994141
1679558461651129300,631.2771293945312,0.71875,951.2012481689453
1679558462718177000,632.3441770019531,0.73455810546875,951.1994934082031
1679558463785225200,633.4112250976563,0.7689208984375,951.1956024169922
1679558464852206300,634.4782062988281,0.80859375,951.1911773681641
1679558465919151000,635.5451511230468,0.83233642578125,951.1883544921875
1679558466986158000,636.6121579589844,0.86669921875,951.1844635009766
1679558468053087200,637.6790871582032,0.91162109375,951.1792755126953
1679558469120046000,638.7460461425782,0.927490234375,951.1775207519531
1679558470187024100,639.8130241699218,0.93804931640625,951.1762237548828
1679558471253963300,640.8799633789063,0.95123291015625,951.1748504638672
1679558472320913200,641.9469130859375,0.95123291015625,951.1748504638672
1679558473387849200,643.0138491210937,0.93804931640625,951.1763000488281
1679558474454838300,644.0808383789063,0.9195556640625,951.1783599853516
1679558475521803300,645.1478032226562,0.91424560546875,951.1790466308594
1679558476588693200,646.214693359375,0.89837646484375,951.1809539794922
1679558477655588000,647.2815881347656,0.89837646484375,951.1809539794922
1679558478722530000,648.3485300292969,0.89837646484375,951.1808013916016
1679558479789447200,649.415447265625,0.98297119140625,951.1711883544922
1679558480856355000,650.4823549804687,1.16790771484375,951.1499786376953
1679558481923335200,651.5493352050781,1.57220458984375,951.1040496826172
1679558482990339300,652.6163393554688,2.2037353515625,951.0319519042969
1679558484057350100,653.6833500976562,3.0836181640625,950.931396484375
1679558485124346400,654.7503464355469,4.20391845703125,950.8038330078125
1679558486191323400,655.8173234863282,5.371826171875,950.6703948974609
1679558487258263000,656.8842629394532,6.3970947265625,950.5535888671875
1679558488325188000,657.9511879882813,7.20562744140625,950.4613494873047
1679558489392088000,659.0180881347657,7.7763671875,950.3962707519531
1679558490459048200,660.0850480957031,8.05908203125,950.3639221191406
1679558491526026200,661.1520261230469,8.1436767578125,950.3542327880859
1679558492593014300,662.2190141601562,8.16217041015625,950.3520202636719
1679558493659954200,663.2859541015625,8.16217041015625,950.3520202636719
1679558494726929200,664.3529291992188,8.1436767578125,950.3541564941406
1679558495793947100,665.4199470214844,8.12249755859375,950.3567504882812
1679558496860923400,666.4869233398438,8.0987548828125,950.3592681884766
1679558497927824400,667.5538244628906,8.0987548828125,950.3592681884766
1679558498994722000,668.6207221679688,8.10137939453125,950.3591156005859
1679558500061700000,669.6877001953125,8.10400390625,950.35888671875
1679558501128681200,670.7546811523438,8.10400390625,950.3588104248047
1679558502195688200,671.8216882324218,8.10400390625,950.3588104248047
1679558503262661000,672.8886611328124,8.12249755859375,950.3566741943359
1679558504329579000,673.9555791015625,8.16217041015625,950.3522491455078
1679558505396550100,675.0225500488282,8.32598876953125,950.3333282470703
1679558506463603200,676.0896032714844,8.7091064453125,950.2897644042969
1679558507530556200,677.1565561523438,9.3194580078125,950.2201080322266
1679558508597555200,678.2235551757813,10.15972900390625,950.1242828369141
1679558509664595200,679.2905952148437,11.25628662109375,949.9993133544922
1679558510731541200,680.3575412597656,12.54046630859375,949.8528289794922
1679558511798549200,681.4245493164062,13.9302978515625,949.6942901611328
1679558512865519400,682.4915192871093,15.39678955078125,949.5271301269531
1679558513932559400,683.5585593261719,16.84478759765625,949.3623352050781
1679558514999564300,684.6255642089844,18.10784912109375,949.2183685302734
1679558516066487000,685.6924870605469,19.18328857421875,949.0957641601562
1679558517133482200,686.7594821777344,20.10540771484375,948.9907836914062
1679558518200481300,687.8264812011719,20.80035400390625,948.9114379882812
1679558519267474200,688.8934741210937,21.3499755859375,948.848876953125
1679558520334400300,689.9604001464844,21.83880615234375,948.7931823730469
1679558521401342200,691.0273422851562,22.29327392578125,948.741455078125
1679558522468273200,692.0942731933594,22.59979248046875,948.7065124511719
1679558523535234300,693.161234375,22.79266357421875,948.6846160888672
1679558524602243000,694.2282431640625,22.89044189453125,948.6734008789062
1679558525669225200,695.2952250976563,22.967041015625,948.6647033691406
1679558526736171300,696.3621711425782,22.98028564453125,948.663330078125
1679558527803134200,697.4291342773438,22.98822021484375,948.6624145507812
1679558528870108200,698.4961081542968,23.00140380859375,948.6609649658203
1679558529937087000,699.5630869140625,23.041015625,948.6562347412109
1679558531004021200,700.6300212402343,23.041015625,948.6562347412109
1679558532070981400,701.6969814453125,23.0357666015625,948.6569213867188
1679558533137888300,702.7638881835937,23.02252197265625,948.658447265625
1679558534204741000,703.8307412109375,23.02252197265625,948.658447265625
1679558535271653000,704.8976530761719,23.0516357421875,948.6551666259766
1679558536338553000,705.9645529785156,23.06219482421875,948.6537170410156
1679558537405477400,707.0314772949218,23.0806884765625,948.6517333984375
1679558538472455200,708.098455078125,23.11505126953125,948.6478424072266
1679558539539477000,709.1654770507813,23.1256103515625,948.6465454101562
1679558540606508300,710.2325083007812,23.130859375,948.6460876464844
1679558541673521400,711.299521484375,23.130859375,948.6460876464844
1679558542740433200,712.3664331054688,23.12823486328125,948.6463165283203
1679558543807458000,713.4334580078125,23.09124755859375,948.6506652832031
1679558544874428200,714.5004282226563,23.0595703125,948.6540985107422
1679558545941438200,715.5674382324219,23.0198974609375,948.6585998535156
1679558547008424200,716.6344240722656,23.0198974609375,948.6585998535156
1679558548075426000,717.7014260253907,23.03839111328125,948.6566925048828
1679558549142443300,718.768443359375,23.06744384765625,948.6531829833984
1679558550209500200,719.8355002441406,23.0806884765625,948.6518096923828
1679558551276520200,720.9025202636719,23.0806884765625,948.6518096923828
1679558552343436300,721.9694362792969,23.06744384765625,948.6532592773438
1679558553410374100,723.0363740234375,23.0489501953125,948.6553192138672
1679558554477354200,724.1033542480469,23.0146484375,948.6592102050781
1679558555544340200,725.1703403320313,22.98028564453125,948.6631774902344
1679558556611349000,726.2373488769531,22.98028564453125,948.663330078125
1679558557678307000,727.3043071289062,22.967041015625,948.6648559570312
1679558558745277200,728.3712770996094,22.9459228515625,948.6670684814453
1679558559812203300,729.4382033691406,22.9459228515625,948.6670684814453
1679558560879180300,730.5051801757812,23.02252197265625,948.6582946777344
1679558561946125300,731.5721252441406,23.0516357421875,948.6552429199219
1679558563013085200,732.6390852050781,23.0516357421875,948.6552429199219
1679558564080051200,733.7060512695313,23.0516357421875,948.6552429199219
1679558565146996200,734.7729963378906,23.07012939453125,948.6530303955078
1679558566213923300,735.8399233398437,23.12298583984375,948.6470031738281
1679558567280853200,736.9068532714844,23.18902587890625,948.6396026611328
1679558568347795200,737.9737951660156,23.24981689453125,948.6325073242188
1679558569414683100,739.0406831054687,23.33172607421875,948.6231231689453
1679558570481540000,740.1075400390625,23.33172607421875,948.6231231689453
1679558571548434200,741.1744340820312,23.2603759765625,948.6313629150391
1679558572615367200,742.2413671875,23.2603759765625,948.6313629150391
1679558573682289200,743.3082890625,23.30792236328125,948.6257934570312
1679558574749079300,744.3750793457032,23.36077880859375,948.6197662353516
1679558575815865300,745.441865234375,23.36077880859375,948.6197662353516
1679558576882714400,746.5087143554688,23.32110595703125,948.6243438720703
1679558577949541000,747.575541015625,23.23919677734375,948.6338043212891
1679558579016328200,748.642328125,23.133544921875,948.6458587646484
1679558580083151000,749.7091511230469,23.0648193359375,948.6534881591797
1679558581150022100,750.7760222167968,23.0516357421875,948.6551666259766
1679558582216892200,751.8428920898438,23.0516357421875,948.6551666259766
1679558583283806200,752.9098061523438,23.0965576171875,948.64990234375
1679558584350675200,753.9766752929687,23.1995849609375,948.6383056640625
1679558585417515300,755.0435153808594,23.371337890625,948.6188507080078
1679558586484333300,756.1103332519531,23.58538818359375,948.5942077636719
1679558587551184100,757.1771840820312,23.7200927734375,948.5791778564453
1679558588618059300,758.2440593261719,23.7200927734375,948.5791778564453
1679558589684928300,759.3109282226562,23.67523193359375,948.5842132568359
1679558590751771100,760.3777712402343,23.50079345703125,948.6038208007812
1679558591818611200,761.4446110839843,23.3184814453125,948.6248779296875
1679558592885491200,762.5114912109375,23.2154541015625,948.636474609375
1679558593952309200,763.5783093261718,23.2127685546875,948.6368560791016
1679558595019133200,764.6451333007813,23.2154541015625,948.6365509033203
1679558596085971200,765.7119711914063,23.21014404296875,948.6370849609375
1679558597152812300,766.7788122558594,23.178466796875,948.6407470703125
1679558598219624200,767.8456242675782,23.133544921875,948.6457824707031
1679558599286401300,768.9124013671875,23.09918212890625,948.6498260498047
1679558600353196000,769.9791960449219,23.056884765625,948.6544799804688
1679558601419988200,771.04598828125,23.01727294921875,948.6590576171875
1679558602486800100,772.1128000488281,23.01727294921875,948.6590576171875
1679558603553623300,773.1796232910157,23.07806396484375,948.6520385742188
1679558604620518100,774.2465180664062,23.10443115234375,948.6492156982422
1679558605687337200,775.3133371582031,23.146728515625,948.6443328857422
1679558606754131200,776.3801311035156,23.146728515625,948.6443328857422
1679558607820974000,777.4469741210937,23.09918212890625,948.6496734619141
1679558608887827200,778.5138271484375,23.0648193359375,948.6536407470703
1679558609954625000,779.580625,23.0146484375,948.6593627929688
1679558611021442000,780.6474421386719,22.98028564453125,948.6631774902344
1679558612088252200,781.7142521972656,22.98028564453125,948.6631774902344
1679558613155110100,782.7811101074219,22.98028564453125,948.6631774902344
1679558614221917200,783.8479172363282,22.9300537109375,948.6688995361328
1679558615288734200,784.9147341308594,22.91949462890625,948.6701965332031
1679558616355462100,785.9814621582032,22.83758544921875,948.6795806884766
1679558617422304300,787.0483041992187,22.66583251953125,948.6991119384766
1679558618489206000,788.1152060546875,22.47821044921875,948.7203979492188
1679558619556052200,789.1820522460938,22.44915771484375,948.7238311767578
1679558620622770200,790.2487702636719,22.4676513671875,948.7216186523438
1679558621689465300,791.3154653320313,22.4676513671875,948.7216186523438
1679558622756202200,792.3822021484375,22.6341552734375,948.7028503417969
1679558623822961200,793.4489611816406,22.93536376953125,948.6684417724609
1679558624889762000,794.5157619628907,22.97760009765625,948.6634826660156
1679558625956607000,795.5826069335938,23.056884765625,948.6544036865234
1679558627023416300,796.6494162597656,23.18902587890625,948.6396026611328
1679558628090226200,797.7162260742188,23.1995849609375,948.6381530761719
1679558629156994000,798.782994140625,23.22601318359375,948.6353302001953
1679558630223683000,799.8496831054688,23.27618408203125,948.6296081542969
1679558631290411300,800.9164113769531,23.27618408203125,948.6296081542969
1679558632357152300,801.98315234375,23.25244140625,948.6322021484375
1679558633423917300,803.0499172363282,23.22601318359375,948.6351776123047
1679558634490690300,804.1166901855469,23.15203857421875,948.6437225341797
1679558635557444000,805.1834440917969,23.1097412109375,948.6485290527344
1679558636624198100,806.2501982421875,23.0965576171875,948.6499786376953
1679558637690983200,807.3169831542968,23.0859375,948.6513519287109
1679558638757835300,808.3838352050781,23.06744384765625,948.6531829833984
1679558639824579300,809.4505793457031,23.06744384765625,948.6531829833984
1679558640891317200,810.5173171386718,23.03839111328125,948.6566162109375
1679558641958083000,811.5840830078125,23.02252197265625,948.658447265625
1679558643024842200,812.6508422851563,23.00933837890625,948.6598968505859
1679558644091625200,813.7176252441407,22.998779296875,948.6611175537109
1679558645158361000,814.7843610839843,22.98822021484375,948.6624145507812
1679558646225096200,815.8510961914062,22.9697265625,948.6644744873047
1679558647291836200,816.9178361816406,22.94854736328125,948.6669158935547
1679558648358603300,817.9846032714844,22.9459228515625,948.6672210693359
1679558649425365200,819.051365234375,22.94854736328125,948.6669158935547
1679558650492100400,820.1181003417969,22.953857421875,948.6663055419922
1679558651558908200,821.184908203125,22.97235107421875,948.6642456054688
1679558652625675300,822.2516752929688,22.98291015625,948.6629486083984
1679558653692365000,823.3183649902344,22.98291015625,948.6629486083984
1679558654759081200,824.3850812988281,22.9617919921875,948.6652374267578
1679558655825772300,825.4517722167968,22.91949462890625,948.6701202392578
1679558656892479200,826.5184792480469,22.88250732421875,948.6742401123047
1679558657959179300,827.5851791992187,22.7530517578125,948.6890411376953
1679558659025805300,828.6518054199219,22.716064453125,948.6933898925781
1679558660092544000,829.7185439453125,22.66845703125,948.6986541748047
1679558661159293200,830.7852932128907,22.6182861328125,948.7043762207031
1679558662226087200,831.8520871582032,22.5733642578125,948.709716796875
1679558663292855300,832.9188552246094,22.5574951171875,948.7113952636719
1679558664359555300,833.9855554199219,22.4755859375,948.720703125
1679558665426302200,835.0523022460937,22.39630126953125,948.7297058105469
1679558666492951000,836.1189509277344,22.31439208984375,948.7391662597656
1679558667559633200,837.1856330566407,22.208740234375,948.7509918212891
1679558668626382000,838.2523820800782,22.09771728515625,948.7638092041016
1679558669693112000,839.3191120605469,21.9893798828125,948.7760925292969
1679558670759793400,840.3857934570312,21.817626953125,948.7956237792969
1679558671826469000,841.4524692382812,21.68292236328125,948.81103515625
1679558672893194200,842.5191943359375,21.59307861328125,948.8211822509766
1679558673959836200,843.5858361816406,21.5269775390625,948.8288116455078
1679558675026574000,844.6525739746094,21.4979248046875,948.8320159912109
1679558676093247200,845.7192473144531,21.47412109375,948.8349151611328
1679558677159862300,846.7858623046875,21.445068359375,948.8381195068359
1679558678226536200,847.8525361328125,21.416015625,948.8414001464844
1679558679293141200,848.9191413574218,21.36846923828125,948.8467407226562
1679558680359818200,849.985818359375,21.28656005859375,948.8561248779297
1679558681426456300,851.0524562988281,21.1702880859375,948.8694763183594
1679558682493069000,852.1190690917969,21.03814697265625,948.8845825195312
1679558683559731200,853.1857312011718,20.92718505859375,948.8970184326172
1679558684626453200,854.2524533691407,20.87701416015625,948.9027404785156
1679558685693204200,855.3192043457032,20.82415771484375,948.90869140625
1679558686759930000,856.3859301757813,20.77923583984375,948.9139556884766
1679558687826612200,857.4526123046875,20.77655029296875,948.9143371582031
1679558688893276200,858.5192761230469,20.7607421875,948.916015625
1679558689959919000,859.5859191894531,20.69732666015625,948.9232635498047
1679558691026628400,860.6526284179688,20.6312255859375,948.9308166503906
1679558692093294000,861.7192941894531,20.60479736328125,948.9338684082031
1679558693159928000,862.7859279785156,20.56256103515625,948.9385223388672
1679558694226555100,863.8525551757813,20.5123291015625,948.9443206787109
1679558695293260000,864.9192600097656,20.4832763671875,948.94775390625
1679558696359911200,865.9859111328125,20.47271728515625,948.9487457275391
1679558697426567200,867.0525671386719,20.45159912109375,948.9512634277344
1679558698493225200,868.1192250976562,20.45159912109375,948.9512634277344
1679558699559898000,869.1858981933593,20.4674072265625,948.9494323730469
1679558700626548200,870.2525483398438,20.48590087890625,948.9473724365234
1679558701693181200,871.3191811523437,20.4912109375,948.9466094970703
1679558702759818000,872.3858178710938,20.50439453125,948.9451599121094
1679558703826472200,873.4524721679687,20.5123291015625,948.9443206787109
1679558704893145000,874.5191450195313,20.5599365234375,948.9390563964844
1679558705959836200,875.5858361816406,20.66033935546875,948.9274597167969
1679558707026483000,876.6524829101562,20.8135986328125,948.909912109375
1679558708093244200,877.719244140625,20.88226318359375,948.9021301269531
1679558709159968300,878.7859682617187,21.01702880859375,948.8869476318359
1679558710226731000,879.8527309570312,21.08837890625,948.8786315917969
1679558711293458200,880.9194582519531,21.11480712890625,948.8756561279297
1679558712360092200,881.9860920410156,21.117431640625,948.8755798339844
1679558713426675200,883.0526752929687,21.20465087890625,948.8655090332031
1679558714493271000,884.1192709960937,21.24163818359375,948.8613891601562
1679558715559947300,885.185947265625,21.326171875,948.8514709472656
1679558716626593000,886.2525930175781,21.41864013671875,948.8410949707031
1679558717693229300,887.3192292480469,21.534912109375,948.8278198242188
1679558718760004400,888.3860043945313,21.595703125,948.8208770751953
1679558719826673200,889.4526730957032,21.68292236328125,948.81103515625
1679558720893305000,890.5193051757813,21.7515869140625,948.8030242919922
1679558721959919000,891.5859191894531,21.80975341796875,948.7964630126953
1679558723026490000,892.6524899902344,21.8546142578125,948.79150390625
1679558724093113000,893.7191130371094,21.90484619140625,948.7857055664062
1679558725159761200,894.7857612304688,22.0052490234375,948.7743377685547
1679558726226440200,895.8524401855469,22.08978271484375,948.7648010253906
1679558727293111000,896.9191110839844,22.1611328125,948.7564849853516
1679558728359706000,897.9857060546875,22.21136474609375,948.7509155273438
1679558729426332200,899.0523322753907,22.31707763671875,948.7387847900391
1679558730492937200,900.1189372558594,22.35931396484375,948.7340545654297
1679558731559584300,901.1855842285156,22.446533203125,948.7241363525391
1679558732626221000,902.2522209472656,22.50732421875,948.7171936035156
1679558733692828200,903.318828125,22.60772705078125,948.7055969238281
1679558734759377200,904.3853771972656,22.6341552734375,948.7026977539062
1679558735825991200,905.4519912109375,22.71868896484375,948.6928558349609
1679558736892653300,906.5186533203125,22.75567626953125,948.6888885498047
1679558737959310300,907.5853103027343,22.819091796875,948.6814880371094
1679558739025991200,908.6519912109375,22.9141845703125,948.670654296875
1679558740092652000,909.7186520996094,23.01727294921875,948.6590576171875
1679558741159298300,910.7852983398437,23.04632568359375,948.6556243896484
1679558742225956000,911.8519560546875,23.0489501953125,948.6553955078125
1679558743292573200,912.9185732421874,23.0489501953125,948.6553955078125
1679558744359131100,913.9851311035156,23.03045654296875,948.6576080322266
1679558745425693200,915.0516931152343,23.02783203125,948.6579132080078
1679558746492279300,916.118279296875,23.02783203125,948.6579132080078
1679558747558911000,917.1849108886719,23.03045654296875,948.6576080322266
1679558748625562000,918.2515620117188,23.03045654296875,948.6576080322266
1679558749692221200,919.3182211914062,22.9749755859375,948.6637878417969
1679558750758847200,920.3848471679687,22.88250732421875,948.6742401123047
1679558751825435100,921.4514350585938,22.819091796875,948.681640625
1679558752892119300,922.5181193847657,22.77154541015625,948.6869812011719
1679558753958783200,923.584783203125,22.716064453125,948.6934661865234
1679558755025434400,924.6514343261719,22.65264892578125,948.7005615234375
1679558756092021200,925.7180212402344,22.60504150390625,948.7059783935547
1679558757158601200,926.7846013183594,22.4993896484375,948.7178802490234
1679558758225229300,927.8512292480468,22.3857421875,948.7310791015625
1679558759291888000,928.9178881835937,22.31707763671875,948.7389373779297
1679558760358530300,929.9845302734375,22.253662109375,948.7460327148438
1679558761425158100,931.051158203125,22.1611328125,948.7566375732422
1679558762491837200,932.1178371582031,22.0792236328125,948.7660217285156
1679558763558502100,933.1845021972656,21.984130859375,948.7767028808594
1679558764625175300,934.2511752929687,21.89691162109375,948.7865447998047
1679558765691805200,935.3178051757812,21.8572998046875,948.7911987304688
1679558766758503200,936.3845031738281,21.8203125,948.7953948974609
1679558767825182200,937.4511821289062,21.7806396484375,948.7998962402344
1679558768891864000,938.5178640136719,21.7515869140625,948.8031768798828
1679558769958532000,939.5845319824218,21.63006591796875,948.8169097900391
1679558771025105200,940.6511052246094,21.4847412109375,948.8336944580078
1679558772091726000,941.7177260742187,21.38958740234375,948.8442993164062
1679558773158343200,942.7843432617187,21.3050537109375,948.8540649414062
1679558774224956200,943.8509560546875,21.22576904296875,948.8630676269531
1679558775291603200,944.9176032714844,21.18084716796875,948.8681030273438
1679558776358206200,945.9842062988281,21.13592529296875,948.873291015625
1679558777424801000,947.0508010253906,21.027587890625,948.8856506347656
1679558778491445000,948.1174450683594,20.9456787109375,948.8951110839844
1679558779558023200,949.1840231933594,20.86639404296875,948.9041137695312
1679558780624676400,950.2506762695313,20.84527587890625,948.9063262939453
1679558781691379000,951.31737890625,20.8267822265625,948.9084625244141
1679558782758021000,952.3840212402343,20.82415771484375,948.90869140625
1679558783824699100,953.45069921875,20.8109130859375,948.9102172851562
1679558784891349000,954.5173488769532,20.7818603515625,948.9134979248047
1679558785958002200,955.5840021972656,20.75543212890625,948.9166259765625
1679558787024632300,956.6506323242188,20.73162841796875,948.9192962646484
1679558788091240200,957.717240234375,20.72900390625,948.9196014404297
1679558789157832200,958.7838322753906,20.72900390625,948.9196014404297
1679558790224487200,959.8504870605469,20.77923583984375,948.9138031005859
1679558791291062000,960.9170620117187,20.91925048828125,948.8981628417969
1679558792357595100,961.9835952148437,21.05401611328125,948.8827514648438
1679558793424209200,963.0502092285157,21.15179443359375,948.8714599609375
1679558794490716200,964.1167160644532,21.1993408203125,948.8661193847656
1679558795557262000,965.1832619628906,21.1993408203125,948.8661193847656
1679558796623840000,966.2498400878907,21.1544189453125,948.8712310791016
1679558797690444300,967.3164443359375,21.1544189453125,948.8712310791016
1679558798757096200,968.3830961914063,21.15704345703125,948.8707733154297
1679558799823690200,969.4496901855468,21.23370361328125,948.8620758056641
1679558800890251300,970.5162512207031,21.38165283203125,948.8454437255859
1679558801956864000,971.5828640136718,21.4820556640625,948.8339996337891
1679558803023525000,972.6495251464844,21.505859375,948.8311004638672
1679558804090167300,973.7161672363281,21.5718994140625,948.8235473632812
1679558805156784000,974.7827841796875,21.6326904296875,948.8166809082031
1679558806223387100,975.8493872070312,21.66705322265625,948.8128662109375
1679558807290019300,976.9160192871094,21.714599609375,948.807373046875
1679558808356610000,977.9826101074219,21.80181884765625,948.797607421875
1679558809423246000,979.04924609375,21.849365234375,948.7921905517578
1679558810489952000,980.1159519042968,21.9022216796875,948.7859344482422
1679558811556595200,981.1825952148438,21.93658447265625,948.7821960449219
1679558812623160000,982.24916015625,21.997314453125,948.7752532958984
1679558813689755100,983.3157551269531,22.10302734375,948.7630462646484
1679558814756311300,984.3823112792969,22.26422119140625,948.7447357177734
1679558815822887200,985.4488872070312,22.37518310546875,948.7322998046875
1679558816889441300,986.5154411621094,22.42010498046875,948.7269592285156
1679558817956068400,987.582068359375,22.50201416015625,948.7178039550781
1679558819022627000,988.648626953125,22.5416259765625,948.7131500244141
1679558820089231400,989.7152314453125,22.594482421875,948.707275390625
1679558821155885300,990.7818852539062,22.68695068359375,948.6967468261719
1679558822222528300,991.8485283203125,22.80059814453125,948.6837005615234
1679558823289113300,992.91511328125,22.87457275390625,948.6753082275391
1679558824355769000,993.9817690429687,22.87457275390625,948.6753082275391
1679558825422414000,995.0484140625,22.74774169921875,948.6895751953125
1679558826489137200,996.1151372070312,22.639404296875,948.7021636962891
1679558827555842000,997.1818420410157,22.61297607421875,948.7050628662109
1679558828622503200,998.2485031738281,22.60772705078125,948.7055969238281
1679558829689139200,999.3151391601563,22.60772705078125,948.7055969238281
1679558830755757000,1000.3817570800782,22.64996337890625,948.7008666992188
1679558831822406400,1001.4484064941406,22.64996337890625,948.7008666992188
1679558832889055200,1002.5150551757813,22.62884521484375,948.7034606933594
1679558833955730200,1003.5817302246094,22.57861328125,948.7088775634766
1679558835022427100,1004.6484272460938,22.57861328125,948.7089538574219
1679558836089096200,1005.7150961914062,22.57861328125,948.7089538574219
1679558837155824000,1006.78182421875,22.581298828125,948.7087249755859
1679558838222477300,1007.8484772949218,22.6314697265625,948.7030792236328
1679558839289199000,1008.91519921875,22.73187255859375,948.6914825439453
1679558840355882200,1009.9818823242188,22.86932373046875,948.6759185791016
1679558841422533400,1011.0485334472656,22.9697265625,948.6646270751953
1679558842489189000,1012.1151892089844,22.98553466796875,948.6626434326172
1679558843555871200,1013.1818713378906,22.98553466796875,948.6626434326172
1679558844622556200,1014.2485561523438,22.96441650390625,948.6651611328125
1679558845689202200,1015.3152021484375,22.89306640625,948.6730194091797
1679558846755834000,1016.3818342285156,22.805908203125,948.6830139160156
1679558847822490000,1017.4484899902344,22.805908203125,948.6831665039062
1679558848889113000,1018.5151130371094,22.805908203125,948.6831665039062
1679558849955796200,1019.5817961425781,22.7451171875,948.6900329589844
1679558851022477000,1020.6484770507813,22.66845703125,948.6986541748047
1679558852089195300,1021.7151953125,22.64996337890625,948.7010192871094
1679558853155843300,1022.7818432617188,22.6314697265625,948.7030029296875
1679558854222497300,1023.8484973144531,22.6314697265625,948.7030029296875
1679558855289186300,1024.915186279297,22.6473388671875,948.7012481689453
1679558856355837200,1025.9818371582032,22.6763916015625,948.6979675292969
1679558857422556200,1027.0485561523437,22.6763916015625,948.6979675292969
1679558858489183200,1028.1151833496094,22.65264892578125,948.7007141113281
1679558859555764200,1029.1817641601563,22.6341552734375,948.7028503417969
1679558860622395400,1030.2483955078126,22.5733642578125,948.7095642089844
1679558861689032200,1031.3150322265626,22.51788330078125,948.7158966064453
1679558862755619300,1032.3816193847656,22.51788330078125,948.7158966064453
1679558863822240000,1033.4482399902345,22.5574951171875,948.7113189697266
1679558864888859400,1034.514859375,22.59185791015625,948.7073516845703
1679558865955385000,1035.5813850097657,22.626220703125,948.7035369873047
1679558867022120200,1036.6481201171875,22.6473388671875,948.701171875
1679558868088771000,1037.7147709960936,22.6473388671875,948.701171875
1679558869155395300,1038.7813952636718,22.6341552734375,948.7026977539062
1679558870222045200,1039.8480451660157,22.61297607421875,948.7050628662109
1679558871288658200,1040.914658203125,22.5574951171875,948.7113189697266
1679558872355280100,1041.9812800292968,22.5574951171875,948.7114715576172
1679558873421861000,1043.0478610839843,22.5205078125,948.7155914306641
1679558874488430300,1044.114430419922,22.51519775390625,948.7162780761719
1679558875555023000,1045.1810231933594,22.4993896484375,948.7180328369141
1679558876621539000,1046.2475390625,22.4993896484375,948.7180328369141
1679558877688117200,1047.3141171875,22.504638671875,948.7173461914062
1679558878754685200,1048.3806853027343,22.50732421875,948.7172698974609
1679558879821201200,1049.447201171875,22.50732421875,948.7172698974609
1679558880887773200,1050.5137731933594,22.50732421875,948.7172698974609
1679558881954369000,1051.580369140625,22.504638671875,948.7173461914062
1679558883020842000,1052.6468420410156,22.4755859375,948.7206268310547
1679558884087411200,1053.7134111328126,22.43597412109375,948.7252807617188
1679558885154002200,1054.7800021972657,22.414794921875,948.7276458740234
1679558886220542200,1055.846542236328,22.3778076171875,948.7317657470703
1679558887287082200,1056.9130822753907,22.3778076171875,948.7317657470703
1679558888353639200,1057.9796391601562,22.401611328125,948.7290954589844
1679558889420220200,1059.0462202148437,22.4227294921875,948.7266540527344
1679558890486841000,1060.112841064453,22.47027587890625,948.7213897705078
1679558891553414100,1061.1794140625,22.47027587890625,948.7213897705078
1679558892620009200,1062.2460092773438,22.4544677734375,948.7230682373047
1679558893686585000,1063.3125852050782,22.39898681640625,948.7294006347656
1679558894753162200,1064.3791623535155,22.36199951171875,948.7336730957031
1679558895819752200,1065.4457521972656,22.2958984375,948.7412261962891
1679558896886369300,1066.5123693847656,22.20343017578125,948.7516784667969
1679558897953027300,1067.57902734375,22.11358642578125,948.7619018554688
1679558899019594200,1068.6455942382813,21.96826171875,948.7785339355469
1679558900086173200,1069.712173095703,21.68817138671875,948.8105773925781
1679558901152720100,1070.7787202148438,21.32354736328125,948.8519287109375
1679558902219270100,1071.8452702636719,20.86114501953125,948.9048004150391
1679558903285840400,1072.9118403320313,20.19793701171875,948.9801788330078
1679558904352489200,1073.9784892578125,19.32330322265625,949.0798950195312
1679558905419124200,1075.045124267578,18.20294189453125,949.2073059082031
1679558906485710000,1076.1117099609376,16.92669677734375,949.3529510498047
1679558907552210200,1077.1782102050781,15.4681396484375,949.5189666748047
1679558908618730000,1078.2447299804687,13.89068603515625,949.6990966796875
1679558909685281300,1079.31128125,12.27093505859375,949.8836517333984
1679558910751855000,1080.3778552246094,10.804443359375,950.0508880615234
1679558911818387200,1081.4443872070312,9.417236328125,950.2091217041016
1679558912884937200,1082.5109372558593,8.19122314453125,950.3488922119141
1679558913951556000,1083.5775561523437,7.17657470703125,950.4644775390625
1679558915018157300,1084.6441572265626,6.3653564453125,950.5570983886719
1679558916084754200,1085.7107541503906,5.68365478515625,950.6349182128906
1679558917151405000,1086.777405029297,5.05474853515625,950.7066345214844
1679558918218007000,1087.8440070800782,4.462890625,950.7740783691406
1679558919284526000,1088.9105261230468,3.8895263671875,950.8396911621094
1679558920351054000,1089.9770541992189,3.29498291015625,950.9075164794922
1679558921417610200,1091.0436103515624,2.68194580078125,950.9771728515625
1679558922484214000,1092.110214111328,2.13763427734375,951.0393524169922
1679558923550776300,1093.1767763671876,1.70697021484375,951.0886383056641
1679558924617358000,1094.2433581542969,1.3951416015625,951.1241149902344
1679558925683905000,1095.309905029297,1.19964599609375,951.1465454101562
1679558926750455000,1096.376455078125,1.11505126953125,951.1561584472656
1679558927816963000,1097.4429631347657,1.11505126953125,951.1561584472656
1679558928883519200,1098.5095192871095,1.120361328125,951.1556243896484
1679558929950125300,1099.5761252441407,1.12298583984375,951.1553955078125
1679558931016677000,1100.6426770019532,1.13092041015625,951.1543273925781
1679558932083282200,1101.7092822265624,1.13092041015625,951.1543273925781
1679558933149939000,1102.7759389648438,1.13092041015625,951.1543273925781
1679558934216552200,1103.8425522460936,1.1124267578125,951.1563110351562
1679558935283139300,1104.9091394042969,1.09130859375,951.1589050292969
1679558936349740300,1105.975740234375,1.05694580078125,951.1628723144531
1679558937416416300,1107.0424162597656,1.0225830078125,951.1668395996094
1679558938482978000,1108.1089780273437,0.985595703125,951.1710357666016
1679558939549541000,1109.175541015625,0.9327392578125,951.1769104003906
1679558940616147200,1110.2421472167969,0.87725830078125,951.1833190917969
1679558941682749200,1111.3087492675782,0.837646484375,951.1878204345703
1679558942749374200,1112.375374267578,0.7847900390625,951.1939239501953
1679558943815965200,1113.4419650878906,0.73193359375,951.1998748779297
1679558944882572300,1114.508572265625,0.71343994140625,951.2020111083984
1679558945949240300,1115.575240234375,0.70025634765625,951.2034606933594
1679558947015932200,1116.6419321289063,0.673828125,951.2064361572266
1679558948082588200,1117.7085881347657,0.6658935546875,951.2073516845703
1679558949149216300,1118.7752163085938,0.6658935546875,951.2075042724609
1679558950215856000,1119.8418562011718,0.6368408203125,951.2106323242188
1679558951282497300,1120.9084973144531,0.61566162109375,951.2132263183594
1679558952349057300,1121.9750573730469,0.59454345703125,951.2156677246094
1679558953415598000,1123.0415981445312,0.56549072265625,951.2188720703125
1679558954482181000,1124.1081811523438,0.54962158203125,951.2207794189453
1679558955548809200,1125.174809326172,0.52581787109375,951.2233734130859
1679558956615355100,1126.2413552246094,0.48883056640625,951.2276458740234
1679558957681940000,1127.3079399414062,0.4571533203125,951.2313842773438
1679558958748558300,1128.3745583496093,0.420166015625,951.2355041503906
1679558959815205000,1129.441205078125,0.35675048828125,951.2427520751953
1679558960881770200,1130.5077702636718,0.30126953125,951.2489318847656
1679558961948372200,1131.574372314453,0.26953125,951.2527465820312
1679558963014936300,1132.640936279297,0.22198486328125,951.2582397460938
1679558964081500400,1133.7075004882813,0.17706298828125,951.2631988525391
1679558965148074200,1134.77407421875,0.1585693359375,951.2652587890625
1679558966214622200,1135.8406223144532,0.14801025390625,951.2664794921875
1679558967281136400,1136.9071364746094,0.12158203125,951.2696838378906
1679558968347678200,1137.9736782226562,0.073974609375,951.2749481201172
1679558969414179000,1139.040178955078,0.05548095703125,951.2771606445312
1679558970480700200,1140.1067001953124,0.0528564453125,951.2774658203125
1679558971547222000,1141.1732219238281,0.044921875,951.2784576416016
1679558972613757200,1142.239757080078,0.044921875,951.2784576416016
1679558973680310300,1143.3063103027343,0.07135009765625,951.2754058837891
1679558974746921000,1144.3729208984375,0.07666015625,951.2748718261719
1679558975813557200,1145.4395571289062,0.07666015625,951.2748718261719
1679558976880268000,1146.5062680664062,0.05548095703125,951.2772369384766
1679558977946946000,1147.5729460449218,0.044921875,951.2782287597656
1679558979013633300,1148.6396333007813,0.03436279296875,951.2796020507812
1679558980080340200,1149.7063403320312,0.02642822265625,951.2802886962891
1679558981147022300,1150.7730222167968,0.02117919921875,951.2809753417969
1679558982213701400,1151.8397014160157,0.02117919921875,951.2809753417969
1679558983280348200,1152.9063481445312,0.02117919921875,951.2809753417969
1679558984346920200,1153.9729201660157,0.015869140625,951.2818145751953
1679558985413559300,1155.039559326172,0.0079345703125,951.2824249267578
1679558986480222200,1156.1062221679688,0,951.2833404541016
1679558987546723000,1157.1727231445313,-0.00262451171875,951.2837982177734
1679558988613330200,1158.239330078125,-0.02374267578125,951.2863159179688
1679558989680042200,1159.306042236328,-0.02374267578125,951.2863159179688
1679558990746678000,1160.3726779785156,-0.01055908203125,951.2846374511719
1679558991813348400,1161.439348388672,0.01324462890625,951.2819671630859
1679558992879964200,1162.505964111328,0.01849365234375,951.2812805175781
1679558993946539300,1163.5725393066407,0.01849365234375,951.2812805175781
1679558995013096200,1164.6390961914062,0.01324462890625,951.2819671630859
1679558996079602200,1165.7056022949218,-0.01849365234375,951.2854766845703
1679558997146189300,1166.7721892089844,-0.03167724609375,951.2871551513672
1679558998212766200,1167.8387661132813,-0.03961181640625,951.2879180908203
1679558999279383300,1168.9053833007813,-0.03961181640625,951.2879180908203
1679559000346009300,1169.9720092773437,-0.03436279296875,951.2873840332031
1679559001412666000,1171.038666015625,-0.03167724609375,951.2870025634766
1679559002479219200,1172.1052192382813,-0.03167724609375,951.2870025634766
1679559003545780200,1173.1717802734374,-0.03961181640625,951.2879180908203
1679559004612398000,1174.2383981933594,-0.044921875,951.2885284423828
1679559005679016200,1175.3050161132812,-0.0501708984375,951.2892913818359
1679559006745562000,1176.3715620117187,-0.0501708984375,951.2892913818359
1679559007812105200,1177.4381052246094,-0.04754638671875,951.2889099121094
1679559008878711300,1178.5047111816407,-0.04754638671875,951.2889099121094
1679559009945301000,1179.5713010253905,-0.0501708984375,951.2890625
1679559011011875000,1180.637875,-0.06072998046875,951.2903594970703
1679559012078421000,1181.7044208984375,-0.06866455078125,951.2914276123047
1679559013145070000,1182.7710700683594,-0.087158203125,951.2932586669922
1679559014211665200,1183.8376650390626,-0.09246826171875,951.2940216064453
1679559015278202000,1184.9042021484374,-0.10302734375,951.2953186035156
1679559016344833000,1185.9708330078124,-0.11358642578125,951.2964630126953
1679559017411301000,1187.0373010253907,-0.118896484375,951.2968444824219
1679559018477862100,1188.1038620605468,-0.1268310546875,951.2979125976562
1679559019544408000,1189.1704079589845,-0.1400146484375,951.2995147705078
1679559020611014100,1190.2370141601561,-0.1400146484375,951.2995147705078
1679559021677659400,1191.303659423828,-0.14263916015625,951.2996673583984
1679559022744248000,1192.370248046875,-0.1400146484375,951.2992858886719
1679559023810800000,1193.4368000488282,-0.1400146484375,951.2992858886719
1679559024877433000,1194.5034331054687,-0.132080078125,951.2985229492188
1679559025944061200,1195.5700612792969,-0.12152099609375,951.2973785400391
1679559027010677000,1196.636677001953,-0.12152099609375,951.2973022460938
1679559028077326000,1197.703326171875,-0.11358642578125,951.29638671875
1679559029143958000,1198.7699580078124,-0.1109619140625,951.2960052490234
1679559030210591000,1199.8365910644532,-0.10040283203125,951.2949371337891
1679559031277210000,1200.903210205078,-0.10040283203125,951.2948608398438
1679559032343862000,1201.9698620605468,-0.087158203125,951.2934112548828
1679559033410388200,1203.0363881835938,-0.0819091796875,951.2928009033203
1679559034477018000,1204.1030180664063,-0.06341552734375,951.2908172607422
1679559035543621000,1205.16962109375,-0.06341552734375,951.2908172607422
1679559036610176000,1206.2361760253907,-0.06341552734375,951.2908172607422
1679559037676735200,1207.3027353515624,-0.07135009765625,951.2916564941406
1679559038743313200,1208.369313232422,-0.07135009765625,951.2916564941406
1679559039809906200,1209.43590625,-0.07659912109375,951.2920379638672
1679559040876477200,1210.5024772949218,-0.07659912109375,951.2920379638672
1679559041943068200,1211.5690681152344,-0.07659912109375,951.2921142578125
1679559043009665300,1212.635665283203,-0.08453369140625,951.2929534912109
1679559044076290000,1213.7022900390625,-0.09246826171875,951.2938690185547
1679559045142880300,1214.7688803710937,-0.1109619140625,951.2960052490234
1679559046209454000,1215.8354541015624,-0.11358642578125,951.2962341308594
1679559047276089000,1216.9020891113282,-0.12945556640625,951.2982940673828
1679559048342748200,1217.968748046875,-0.132080078125,951.2985229492188
1679559049409302300,1219.0353022460938,-0.132080078125,951.2985229492188
1679559050475938000,1220.1019379882812,-0.118896484375,951.2970733642578
1679559051542560000,1221.1685600585938,-0.10302734375,951.2950897216797
1679559052609195300,1222.2351953125,-0.05810546875,951.2901306152344
1679559053675834000,1223.3018342285156,-0.044921875,951.2887573242188
1679559054742506200,1224.3685063476562,-0.042236328125,951.2884521484375
1679559055809141200,1225.4351413574218,-0.042236328125,951.2884521484375
1679559056875757300,1226.5017573242187,-0.0528564453125,951.2893676757812
1679559057942375200,1227.5683752441407,-0.07659912109375,951.2921142578125
1679559059009041200,1228.6350412597656,-0.0792236328125,951.2924957275391
1679559060075669200,1229.701669189453,-0.0792236328125,951.2924957275391
1679559061142254000,1230.7682541503907,-0.073974609375,951.2919616699219
1679559062208929000,1231.834928955078,-0.0660400390625,951.2909698486328
1679559063275581200,1232.9015812988282,-0.0501708984375,951.2892150878906
1679559064342204200,1233.9682041015626,-0.0369873046875,951.2876892089844
1679559065408809200,1235.0348093261719,-0.01849365234375,951.2855529785156
1679559066475421200,1236.1014211425781,-0.01849365234375,951.2855529785156
1679559067542027300,1237.16802734375,-0.01318359375,951.2849426269531
1679559068608643300,1238.234643310547,-0.01849365234375,951.2854766845703
1679559069675223000,1239.3012231445311,-0.01849365234375,951.2854766845703
1679559070741852200,1240.3678520507813,-0.01849365234375,951.2854766845703
1679559071808580000,1241.434580078125,-0.0079345703125,951.2843322753906
1679559072875365400,1242.5013654785157,-0.0079345703125,951.2843322753906
1679559073942113300,1243.56811328125,-0.0052490234375,951.2840270996094
1679559075008795100,1244.6347951660157,0.01055908203125,951.2823486328125
1679559076075501300,1245.7015012207032,0.01055908203125,951.2823486328125
1679559077142161200,1246.7681611328126,-0.0052490234375,951.2842559814453
1679559078208794000,1247.834794189453,-0.0079345703125,951.2844085693359
1679559079275435300,1248.9014353027344,-0.01055908203125,951.2845611572266
1679559080341989400,1249.9679892578124,-0.03436279296875,951.2873077392578
1679559081408607200,1251.0346071777344,-0.03436279296875,951.2873077392578
1679559082475241200,1252.1012412109376,-0.03436279296875,951.2873077392578
1679559083541875200,1253.1678752441405,-0.01849365234375,951.2857055664062
1679559084608523000,1254.2345229492187,-0.0079345703125,951.2843322753906
1679559085675130000,1255.301130126953,0.01055908203125,951.2823486328125
1679559086741784000,1256.3677841796875,0.015869140625,951.28173828125
1679559087808406000,1257.4344060058593,0.015869140625,951.28173828125
1679559088875045000,1258.5010451660157,0.01055908203125,951.2823486328125
1679559089941637400,1259.5676374511718,-0.01055908203125,951.2845611572266
1679559091008215300,1260.6342153320313,-0.03167724609375,951.2871551513672
1679559092074762000,1261.7007619628907,-0.0528564453125,951.2894439697266
1679559093141386200,1262.7673862304687,-0.07659912109375,951.2922668457031
1679559094208020200,1263.8340202636718,-0.08453369140625,951.2931823730469
1679559095274653200,1264.900653076172,-0.0950927734375,951.2943267822266
1679559096341264100,1265.9672641601562,-0.11358642578125,951.2962341308594
1679559097407848200,1267.0338481445312,-0.12152099609375,951.2973022460938
1679559098474467300,1268.1004672851564,-0.12152099609375,951.2973022460938
1679559099541089000,1269.167089111328,-0.1241455078125,951.2975311279297
1679559100607696100,1270.2336960449218,-0.11627197265625,951.2967681884766
1679559101674314200,1271.3003142089844,-0.10302734375,951.2952423095703
1679559102740956200,1272.3669560546875,-0.10302734375,951.2952423095703
1679559103807585300,1273.433585205078,-0.12152099609375,951.2971496582031
1679559104874199000,1274.5001989746095,-0.14532470703125,951.2999725341797
1679559105940816100,1275.5668161621093,-0.14532470703125,951.300048828125
1679559107007356200,1276.6333562011719,-0.1690673828125,951.3027191162109
1679559108073945300,1277.6999453125,-0.1849365234375,951.3046264648438
1679559109140571100,1278.7665710449219,-0.1849365234375,951.3046264648438
1679559110207175200,1279.833175048828,-0.1796875,951.3040161132812
1679559111273811200,1280.899811279297,-0.17437744140625,951.3033294677734
1679559112340424000,1281.966423828125,-0.16644287109375,951.3023376464844
1679559113407009000,1283.0330090332031,-0.14532470703125,951.2998962402344
1679559114473624300,1284.099624267578,-0.14532470703125,951.2998962402344
1679559115540180200,1285.1661801757812,-0.14532470703125,951.2998962402344
1679559116606754000,1286.2327541503905,-0.134765625,951.2986755371094
1679559117673353200,1287.2993532714843,-0.1109619140625,951.2960052490234
1679559118739937000,1288.3659370117186,0.00531005859375,951.2828063964844
1679559119806509300,1289.4325092773438,0.14532470703125,951.2667846679688
1679559120873117200,1290.4991171875,0.19293212890625,951.2615966796875
1679559121939719200,1291.5657192382812,0.19293212890625,951.2615966796875
1679559123006326300,1292.632326171875,0.14532470703125,951.2667083740234
1679559124072937200,1293.6989372558594,0.0528564453125,951.2774658203125
1679559125139646200,1294.7656462402344,-0.0660400390625,951.2909698486328
1679559126206296300,1295.8322963867188,-0.06866455078125,951.2914276123047
1679559127272954000,1296.8989541015626,-0.06866455078125,951.2914276123047
1679559128339641000,1297.9656411132812,-0.0369873046875,951.287841796875
1679559129406303200,1299.0323032226563,-0.02374267578125,951.2861633300781
